id,title,status,industry,description,company,on_going,crc_support,is_approved,approved_at,start_date,end_date,alumn_id,recorded_by_id
78,Army,F,Security and Law Enforcement,"",Army,f,f,f,,"","",1959,
79,Army,F,Security and Law Enforcement,"",Army,f,f,f,,"","",2479,
444,Army,F,Security and Law Enforcement,"",Rwanda Defence Forces,t,f,f,,"","",119,
445,Army,F,Security and Law Enforcement,"",Rwanda Defence Forces,t,f,f,,"","",55,
443,Army,F,Security and Law Enforcement,"",Rwanda Defence Force,t,f,f,,"","",2297,
446,Army,F,Security and Law Enforcement,"",Rwanda Defence Forces,t,f,f,,"","",38,
447,Army,F,Security and Law Enforcement,"",Rwanda Defence Forces,t,f,f,,"","",2173,
448,Army,F,Security and Law Enforcement,"",Rwanda Defence Forces,t,f,f,,"","",1797,
449,Army,F,Security and Law Enforcement,"",Rwanda Defence Forces,t,f,f,,"","",2267,
108,Waiter,F,Dining and Hospitality Services,"",Biryogo Restaurant,f,f,f,,"","",2500,
114,Waiter,F,Dining and Hospitality Services,"",Boutique,f,f,f,,"","",2402,
121,Waiter,F,Dining and Hospitality Services,"",Brioche,f,f,f,,"","",718,
128,Waiter,F,Dining and Hospitality Services,"",Camelia Restaurant,f,f,f,,"","",1500,
130,Waiter,F,Dining and Hospitality Services,"",Camellia Coffe shop,f,f,f,,"","",1989,
143,Waiter,F,Dining and Hospitality Services,"",CHUK Restaurant,f,f,f,,"","",1622,
171,Waiter,F,Dining and Hospitality Services,"",Dubai Hotel,f,f,f,,"","",2422,
187,Waiter,F,Dining and Hospitality Services,"",Envision Rwanda,f,f,f,,"","",2337,
188,Waiter,F,Dining and Hospitality Services,"",Envision Rwanda,f,f,f,,"","",1847,
189,Waiter,F,Dining and Hospitality Services,"",Envision Rwanda,f,f,f,,"","",2444,
214,Waiter,F,Dining and Hospitality Services,"",Four Points by Sheraton,t,f,f,,"","",1601,
308,Waiter,F,Dining and Hospitality Services,"",Kimironko Cake House,t,f,f,,"","",53,
321,Waiter,F,Dining and Hospitality Services,"",Kozo Kigali,t,f,f,,"","",2088,
323,Waiter,F,Dining and Hospitality Services,"",La Medicale Clinic,t,f,f,,"","",2372,
336,Waiter,F,Dining and Hospitality Services,"",Malato Bar and Restaurant,t,f,f,,"","",1504,
353,Waiter,F,Dining and Hospitality Services,"",Motel Gabiro Milital,t,f,f,,"","",1949,
356,Waiter,F,Dining and Hospitality Services,"",Movenpick Hotel at Dubai,t,f,f,,"","",2472,
362,Waiter,F,Dining and Hospitality Services,"",Mystol Hotel,t,f,f,,"","",2161,
384,Waiter,F,Dining and Hospitality Services,"",Onomo Hotel,t,f,f,,"","",2419,
483,Waiter,F,Dining and Hospitality Services,"",Sawa City Supermarket-Nyarutarama,t,f,f,,"","",91,
512,Waiter,F,Dining and Hospitality Services,"",Supermarket at Gisimenti,t,f,f,,"","",2013,
513,Waiter,F,Dining and Hospitality Services,"",Supermarket Kimironko,t,f,f,,"","",1892,
521,Waiter,F,Dining and Hospitality Services,"",The Fork,t,f,f,,"","",702,
539,Waiter,F,Dining and Hospitality Services,"",UTC restaurant,t,f,f,,"","",2230,
559,Waiter,F,Dining and Hospitality Services,"",Zebra Hotel,t,f,f,,"","",2132,
575,Waiter,P,Dining and Hospitality Services,"",Envision Rwanda,f,f,f,,"","",105,
590,Waiter,P,Dining and Hospitality Services,"",Gorilla Hotel,t,f,f,,"","",2368,
595,Waiter,P,Dining and Hospitality Services,"",Jill and Bar Restaurant,t,f,f,,"","",15,
603,Waiter,P,Dining and Hospitality Services,"",Mytos Hotel,t,f,f,,"","",2458,
611,Waiter,P,Dining and Hospitality Services,"",Restaurant,t,f,f,,"","",712,
612,Waiter,P,Dining and Hospitality Services,"",Restaurant Gisimenti,t,f,f,,"","",2367,
626,Waiter,P,Dining and Hospitality Services,"",Tedga Center,t,f,f,,"","",1490,
706,Waiter,S,Dining and Hospitality Services,"",Shop at Kayonza Gare,t,f,f,,"","",1479,
1,Waiter,F,Dining and Hospitality Services,"",1000Hills Hotel,f,f,f,,"","",2057,
2,Waiter,F,Dining and Hospitality Services,"",1000Hills Hotel,f,f,f,,"","",2428,
3,Loan officer,F,Finance and Banking,"",AB Bank,f,f,f,,"","",110,
4,Cashier,F,Dining and Hospitality Services,"",Abanan Pack Hotel- Kimironko,f,f,f,,"","",705,
5,Cashier,F,Finance and Banking,"",Acces bank,f,f,f,,"","",109,
6,Corporate officer in Digital Learning,F,Information Technology and Software Development,"",Accor in Dubai,f,f,f,,"","",10,
7,Academic Tutor and Advise,F,Education and Training,"",Admission Counselor of Atlantic Kigali Randa,f,f,f,,"","",575,
8,Coordinator,F,Business and Management,"",Aegis Trust,f,f,f,,"","",36,
9,Data Entry Cleck,F,Business and Management,"",Aegis Trust,f,f,f,,"","",2451,
10,Youth Education Officer,F,Education and Training,"",AER Project,f,f,f,,"","",2395,
11,Photographer and Video Edite,F,"Art, Design, and Performance","",Africa Digital Media,f,f,f,,"","",1502,
12,Technologist,F,Information Technology and Software Development,"",Africa Improved Food Ltd,f,f,f,,"","",2151,
13,Student Life Associate,F,Education and Training,"",African Leadership University,f,f,f,,"","",1855,
14,IT Manager,F,Information Technology and Software Development,"",Afrinest Engineering Ltd,f,f,f,,"","",120,
15,Accountant officer,F,Business and Management,"",Afrinest Group  Rwanda,f,f,f,,"","",2108,
16,Surveyor Team,F,Construction and Engineering,"",Afrinest Group Rwanda,f,f,f,,"","",2138,
17,Cashier,F,Business and Management,"",Afro beat,f,f,f,,"","",2518,
18,Causul Worker,F,Business and Management,"",Agahozo-Shalom Youth Village,f,f,f,,"","",2017,
19,Logistic officer,F,Business and Management,"",Agahozo-Shalom Youth Village,f,f,f,,"","",1956,
20,Academic Advisor in Mathematic,F,Education and Training,"",Agahozo-Shalom Youth Village,f,f,f,,"","",2178,
21,Academic Advisor in Social Science,F,Education and Training,"",Agahozo-Shalom Youth Village,f,f,f,,"","",1614,
22,Administrator,F,Education and Training,"",Agahozo-Shalom Youth Village,f,f,f,,"","",2477,
23,Agahozo-Shalom Youth Village,F,Education and Training,"",Agahozo-Shalom Youth Village,f,f,f,,"","",2285,
24,Art Intern,F,Education and Training,"",Agahozo-Shalom Youth Village,f,f,f,,"","",2044,
25,Assistant Teacher,F,Education and Training,"",Agahozo-Shalom Youth Village,f,f,f,,"","",1837,
26,ASYV- Math Academic Advisor,F,Education and Training,"",Agahozo-Shalom Youth Village,f,f,f,,"","",620,
27,ASYV-Debate Intern,F,Education and Training,"",Agahozo-Shalom Youth Village,f,f,f,,"","",1864,
28,ASYV-IT,F,Education and Training,"",Agahozo-Shalom Youth Village,f,f,f,,"","",655,
29,ASYV-Science Academic Advisor,F,Education and Training,"",Agahozo-Shalom Youth Village,f,f,f,,"","",1543,
30,ASYV-Socail Science Academic Advisor,F,Education and Training,"",Agahozo-Shalom Youth Village,f,f,f,,"","",2103,
31,ASYV-Social Science Academic  Advisor,F,Education and Training,"",Agahozo-Shalom Youth Village,f,f,f,,"","",1817,
32,Cashier,F,Education and Training,"",Agahozo-Shalom Youth Village,f,f,f,,"","",168,
33,Casual Worker,F,Education and Training,"",Agahozo-Shalom Youth Village,f,f,f,,"","",1618,
34,Casual worker,F,Education and Training,"",Agahozo-Shalom Youth Village,f,f,f,,"","",1635,
35,Causal worker,F,Education and Training,"",Agahozo-Shalom Youth Village,f,f,f,,"","",664,
36,Debate Club,F,Education and Training,"",Agahozo-Shalom Youth Village,f,f,f,,"","",1447,
37,IT Assistant,F,Education and Training,"",Agahozo-Shalom Youth Village,f,f,f,,"","",121,
38,IT School Assisant,F,Education and Training,"",Agahozo-Shalom Youth Village,f,f,f,,"","",2513,
39,LEAP Manager,F,Education and Training,"",Agahozo-Shalom Youth Village,f,f,f,,"","",35,
40,Librarian and Teacher Intern,F,Education and Training,"",Agahozo-Shalom Youth Village,f,f,f,,"","",1928,
41,Logistic officer,F,Education and Training,"",Agahozo-Shalom Youth Village,f,f,f,,"","",1786,
42,Media Center,F,Education and Training,"",Agahozo-Shalom Youth Village,f,f,f,,"","",1670,
43,Music Production,F,Education and Training,"",Agahozo-Shalom Youth Village,f,f,f,,"","",682,
44,Parental Wholeness,F,Education and Training,"",Agahozo-Shalom Youth Village,f,f,f,,"","",2333,
45,Payton,F,Education and Training,"",Agahozo-Shalom Youth Village,f,f,f,,"","",1685,
46,Payton,F,Education and Training,"",Agahozo-Shalom Youth Village,f,f,f,,"","",2172,
47,Professional Internship,F,Education and Training,"",Agahozo-Shalom Youth Village,f,f,f,,"","",638,
48,Science Center,F,Education and Training,"",Agahozo-Shalom Youth Village,f,f,f,,"","",1788,
49,Science Center,F,Education and Training,"",Agahozo-Shalom Youth Village,f,f,f,,"","",1576,
50,Science Center,F,Education and Training,"",Agahozo-Shalom Youth Village,f,f,f,,"","",1785,
51,Security officer,F,Education and Training,"",Agahozo-Shalom Youth Village,f,f,f,,"","",1824,
52,Security officer,F,Education and Training,"",Agahozo-Shalom Youth Village,f,f,f,,"","",2470,
53,Social Scienne-Academic Advisor,F,Education and Training,"",Agahozo-Shalom Youth Village,f,f,f,,"","",621,
54,Visit Intern,F,Education and Training,"",Agahozo-Shalom Youth Village,f,f,f,,"","",1668,
55,Visit Intern,F,Education and Training,"",Agahozo-Shalom Youth Village,f,f,f,,"","",2435,
56,Health care Management and Administrative Assistant,F,Healthcare and Medical Services,"",Agahozo-Shalom Youth Village,f,f,f,,"","",2137,
57,Visitor Services Officer,F,Dining and Hospitality Services,"",Agahozo-Shalom Youth Village,f,f,f,,"","",574,
58,Agahozo - Shalom Youth Village,F,Information Technology and Software Development,"",Agahozo-Shalom Youth Village,f,f,f,,"","",1950,
59,Security officer,F,Information Technology and Software Development,"",Agahozo-Shalom Youth Village,f,f,f,,"","",2279,
60,Sewing Officer,F,Trade and Skilled Labor,"",Agahozo-Shalom Youth Village,f,f,f,,"","",2347,
61,Security,F,Information Technology and Software Development,"",Agaposo Security Ltd,f,f,f,,"","",2092,
62,CEO,F,Business and Management,"",Agri-Business,f,f,f,,"","",2216,
63,Selling Officer,F,"Agriculture, Forestry, and Fishing","",Agrimedical-Business,f,f,f,,"","",1616,
64,Business Trainer,F,Business and Management,"",AIESEC,f,f,f,,"","",1737,
65,Medical technician,F,Information Technology and Software Development,"",Air Force,f,f,f,,"","",1857,
66,Call center,F,Business and Management,"",Airtel Rwanda,f,f,f,,"","",152,
67,Saler officer,F,Business and Management,"",Airticket saler,f,f,f,,"","",732,
68,Business Development officer,F,Business and Management,"",Akagera Aviation,f,f,f,,"","",113,
69,Marketing Manager,F,Business and Management,"",Alliance Group,f,f,f,,"","",1902,
70,"United States, Colorado",F,Healthcare and Medical Services,"",Am a CNA Nurse,f,f,f,,"","",1574,
71,Transilator,F,Media and Communication,"",Amakoro Songa Africa,f,f,f,,"","",693,
72,Basketball Player,F,Education and Training,"",Basketball Player,f,f,f,,"","",1734,
73,Inventor officer,F,Business and Management,"",Ameki Colour,f,f,f,,"","",1468,
74,Marketing,F,Business and Management,"",Ameki Colour,f,f,f,,"","",1974,
75,Customer Care,F,Dining and Hospitality Services,"",Ampersand Rwanda,f,f,f,,"","",124,
76,Supervisor,F,Education and Training,"",ANSPPLUS,f,f,f,,"","",734,
77,Betting,F,Business and Management,"",Gravictory Ltd,t,f,f,,"","",1740,
80,Marine  Soldier,F,Information Technology and Software Development,"",Army,f,f,f,,"","",2287,
81,Customer care,F,Dining and Hospitality Services,"",Art Unumuntu,f,f,f,,"","",1623,
82,Sales and Marketing,F,Dining and Hospitality Services,"",Ashel tour Ltd,f,f,f,,"","",2048,
83,"Student Relations Coordinator, Special Projects",F,Education and Training,"",Ashinaga Foundation,f,f,f,,"","",1565,
85,Accommodations Officer,F,Education and Training,"",ASYV- Hospitality,f,f,f,,"","",2270,
86,Cooker,F,Education and Training,"",Agahozo-Shalom Youth Village,f,f,f,,"","",2162,
87,Inkomoko,F,Information Technology and Software Development,"",AT&T,f,f,f,,"","",2329,
88,Data Entry Cleck,F,Information Technology and Software Development,"",Audit Campany Ltd,f,f,f,,"","",577,
89,Human Ressources Officer,F,Business and Management,"",Auditing Firm,f,f,f,,"","",1471,
90,Counselar officer,F,Education and Training,"",Avega Agahozo,f,f,f,,"","",1609,
91,Cashier,F,Business and Management,"",B.Maurice Guest house,f,f,f,,"","",1641,
92,Hospitality,F,Dining and Hospitality Services,"",Amazing Africa Eco-Tours,f,f,f,,"","",2478,
93,Cashier,F,Business and Management,"",Bank of Kigali,f,f,f,,"","",606,
94,Secretary of CEO in Bank of Kigali,F,Business and Management,"",Bank of Kigali,f,f,f,,"","",2229,
95,Senior Client Service representantive,F,Finance and Banking,"",Bank of New York Mellon -Poland,f,f,f,,"","",111,
96,Customer care,F,Business and Management,"",Bar,f,f,f,,"","",1996,
97,Receptionist,F,Dining and Hospitality Services,"",B-boby Health Care (Call Center),f,f,f,,"","",727,
98,Marketing officer at Muhanga,F,Business and Management,"",BBOX Solar Power,f,f,f,,"","",1753,
99,Call center,F,Dining and Hospitality Services,"",BBOX Solar Power,f,f,f,,"","",45,
100,Call Operator,F,Business and Management,"",BBOXX CAPITAL RWANDA,f,f,f,,"","",2393,
102,Customer care,F,Business and Management,"",Beeting Campany/ Kanombe,f,f,f,,"","",1911,
103,Customer care,F,Business and Management,"",Betting Campany,f,f,f,,"","",1619,
104,Receptionist,F,Dining and Hospitality Services,"",Betting Sport at Masaka,f,f,f,,"","",1755,
105,Receptionist,F,Business and Management,"",Betting Sport at Muhanga,f,f,f,,"","",2336,
106,IT Officer,F,Education and Training,"",BF SUMA,f,f,f,,"","",1645,
107,Lab technician,F,Healthcare and Medical Services,"",Biotechnician/ Liege,f,f,f,,"","",2263,
109,Store Assistant,F,Business and Management,"",Blarirwa Ltd,f,f,f,,"","",68,
110,OFAC Specialist,F,Business and Management,"",BNP Paribas,f,f,f,,"","",2075,
111,Store keeper,F,Construction and Engineering,"",Bonus Industriel,f,f,f,,"","",737,
112,Story telling and Communication,F,Media and Communication,"",Bookmobile,f,f,f,,"","",1449,
113,Story telling and Communication,F,Media and Communication,"",Bookmobile,f,f,f,,"","",1474,
115,Self-Employed,F,Business and Management,"",Boutique-Shop,f,f,f,,"","",692,
116,Business Developer and Financial Analyst,F,Business and Management,"",BPN,f,f,f,,"","",1973,
117,Loan Officer,F,Business and Management,"",Brac Ltd Bank,f,f,f,,"","",2503,
118,Custome service,F,Finance and Banking,"",BRAC Rwanda,f,f,f,,"","",1637,
119,Credit Officer,F,Business and Management,"",BRAC Rwanda,f,f,f,,"","",613,
120,Cashier,F,Business and Management,"",Brac Rwanda Microfinance,f,f,f,,"","",694,
122,Commis Chief,F,Business and Management,"",Brioche Ltd/Cullinary Art,f,f,f,,"","",698,
123,Journalist,F,"Art, Design, and Performance","",BTN Television,f,f,f,,"","",2183,
124,District Field Officer,F,Business and Management,"",Bufmar Enabel Health Project,f,f,f,,"","",610,
125,Primary Teacher,F,Education and Training,"",Busasamana Primary School,f,f,f,,"","",148,
126,Customer care,F,Business and Management,"",Business,f,f,f,,"","",2348,
127,Canal Puls,F,Business and Management,"",Business,f,f,f,,"","",1908,
129,headwaitress,F,Business and Management,"",Camellia Coffe shop,f,f,f,,"","",2123,
131,Cashier,F,Business and Management,"",Canal Puls,f,f,f,,"","",2218,
132,Call Center,F,Dining and Hospitality Services,"",Cash Rwanda,f,f,f,,"","",603,
133,Social Worker,F,Education and Training,"",CECYDAR,f,f,f,,"","",1976,
134,Service Administrator/Sales and Marketing,F,Business and Management,"",CFAO Motors Rwanda (Dealer of Volkswagen),f,f,f,,"","",2030,
135,Agahozo-Shalom Youth Village,F,Education and Training,"",Charge of Sport and Club,f,f,f,,"","",1559,
136,Store keeper,F,Dining and Hospitality Services,"",Chez Lando,f,f,f,,"","",2485,
137,Making Baker,F,Dining and Hospitality Services,"",Chill Motel,f,f,f,,"","",656,
138,Driver,F,Construction and Engineering,"",Chillngton Ltd,f,f,f,,"","",1943,
139,Driver,F,Business and Management,"",China Load,f,f,f,,"","",1865,
140,Mraketing Consulting & Customer Service,F,Business and Management,"",Choice Africa Investment,f,f,f,,"","",2015,
141,Care giver,F,Healthcare and Medical Services,"",Chrysalis,f,f,f,,"","",1952,
142,Intern(Nurse),F,Healthcare and Medical Services,"",CHUK,f,f,f,,"","",2182,
84,Waiter,F,Dining and Hospitality Services,"",Asie Kitcken,f,f,f,,"","",50,
101,Waiter,F,Dining and Hospitality Services,"",Beach Hotel Muhazi,f,f,f,,"","",1497,
144,Communicaation Officer,F,Education and Training,"",Cindy Foundation,f,f,f,,"","",49,
145,Photography,F,"Art, Design, and Performance","",Cinematograph-Huye,f,f,f,,"","",1841,
146,ASSS,F,Business and Management,"",CIUSSS,f,f,f,,"","",2323,
147,Cashier,F,Business and Management,"",Coast Freight Forwarder Agency Ltd,f,f,f,,"","",1664,
148,Librarian,F,Education and Training,"",College Saint Marie Kibuye,f,f,f,,"","",1934,
149,Accountant officer,F,Business and Management,"",Computer Campany Ltd,f,f,f,,"","",1512,
150,IT Manager,F,Information Technology and Software Development,"",Consultanty Campany,f,f,f,,"","",37,
151,Accountant officer,F,Business and Management,"",Consulting Up Paris,f,f,f,,"","",2385,
152,Volontialism,F,Healthcare and Medical Services,"",Corps Africa,f,f,f,,"","",2494,
153,Customer care,F,Business and Management,"",Costometic Business,f,f,f,,"","",2281,
154,Logistic Manager,F,Business and Management,"",Country hardware,f,f,f,,"","",2383,
155,Social Worker,F,Healthcare and Medical Services,"",Cree Board of Health and Social Service,f,f,f,,"","",118,
156,Saler officer,F,Business and Management,"",Crepe House cooking,f,f,f,,"","",143,
157,Hospitality,F,Dining and Hospitality Services,"",King Faisal Hospital,t,f,f,,"","",589,
158,Presales Engineer,F,Information Technology and Software Development,"",Dat stream-Network and Cybersecurity,f,f,f,,"","",2214,
159,IT Software,F,Information Technology and Software Development,"",Data Software Campany,f,f,f,,"","",2257,
160,care giver,F,Healthcare and Medical Services,"",Delight AFC,f,f,f,,"","",2467,
161,Customer Support Executive,F,Information Technology and Software Development,"",Deriv Rwanda ltd.,f,f,f,,"","",1688,
162,Receptionist,F,Information Technology and Software Development,"",DHL German Logisitic Campany,f,f,f,,"","",1515,
163,Administrator Assistant,F,Business and Management,"",DICo Ltd,f,f,f,,"","",2105,
164,Driver,F,Business and Management,"",Discovery Go Africa,f,f,f,,"","",2243,
165,Teacher Assistant,F,Education and Training,"",discovery international school,f,f,f,,"","",2016,
166,Surveyor,F,Construction and Engineering,"",DONGIL Construction,f,f,f,,"","",597,
167,Customer Care,F,Business and Management,"",DP World Kigali @ Masaka,f,f,f,,"","",1886,
168,Warehouse officer,F,Business and Management,"",DP World Kigali @ Masaka,f,f,f,,"","",51,
169,Driver,F,Business and Management,"",Driver,f,f,f,,"","",1853,
170,Customer care,F,Dining and Hospitality Services,"",Dubai Hotel,f,f,f,,"","",2298,
172,Senior Technical Officer in Charge of Post Clearance Audit,F,Business and Management,"",Dubai Port World,f,f,f,,"","",1883,
173,Logistic officer,F,Construction and Engineering,"",Duo Corporation,f,f,f,,"","",2258,
174,Sales and Marketing,F,Business and Management,"",Dynamic Business Group Ltd,f,f,f,,"","",1679,
175,Cashier,F,Dining and Hospitality Services,"",E&food,f,f,f,,"","",134,
176,Primary Teacher,F,Education and Training,"",E.P Gahondo -Gakenke,f,f,f,,"","",728,
177,Teacher - Burera District,F,Education and Training,"",E.S Kananga,f,f,f,,"","",1876,
178,Card operations  Officer,F,Business and Management,"",Ecobank,f,f,f,,"","",2031,
179,House keeping Officer,F,Dining and Hospitality Services,"",La Palise Hotel Nyamata,t,f,f,,"","",41,
180,Trainer Officer,F,Education and Training,"",Educate/Akazi Kanoze,f,f,f,,"","",1639,
181,Training Officer,F,Education and Training,"",Educate/Akazi Kanoze,f,f,f,,"","",1890,
182,Data Entry Cleck,F,Information Technology and Software Development,"",Ejo-Heza,f,f,f,,"","",2264,
183,Finance Officer,F,Business and Management,"",ELPROMACO LTd,f,f,f,,"","",2413,
184,Photographer,F,"Art, Design, and Performance","",Envision Rwanda,f,f,f,,"","",2034,
185,Photographer/Video Grapher,F,"Art, Design, and Performance","",Envision Rwanda,f,f,f,,"","",2040,
186,Photographer,F,Business and Management,"",Envision Rwanda,f,f,f,,"","",1843,
190,House keeping supervisor,F,Dining and Hospitality Services,"",Marriot Hotel,t,f,f,,"","",2184,
191,Teacher,F,Education and Training,"",EP GITARAGA,f,f,f,,"","",2186,
192,Teacher,F,Education and Training,"",EP Jeunesse,f,f,f,,"","",128,
193,Business Developer and Financial Analyst,F,Business and Management,"",EPC AFRICA Group,f,f,f,,"","",2097,
194,Marketing officer,F,Business and Management,"",Equit Bank,f,f,f,,"","",609,
195,Cashier,F,Finance and Banking,"",Equity Bank,f,f,f,,"","",2454,
196,Records management officer,F,Business and Management,"",Equity Bank,f,f,f,,"","",2120,
197,IT Data,F,Information Technology and Software Development,"",Ernest&Ltd Consultant,f,f,f,,"","",1858,
198,Tax Officer,F,Finance and Banking,"",Ernst & Young Rwanda,f,f,f,,"","",584,
199,Retails officer,F,Business and Management,"",ES I rugwagwa,f,f,f,,"","",1743,
200,Numerate Officer,F,Information Technology and Software Development,"",Ethical Research Solution Ltd,t,f,f,,"","",1658,
201,Logistic officer,F,Business and Management,"",Excella Produce Ltd,t,f,f,,"","",1748,
202,Causal worker,F,Business and Management,"",F&D company,t,f,f,,"","",1933,
203,Manifacture,F,Business and Management,"",F&D company,t,f,f,,"","",651,
204,F&D company,F,Manufacturing and Production,"",F&D company,t,f,f,,"","",654,
205,Professional Internship,F,Business and Management,"",F&D company,t,f,f,,"","",646,
206,F&D company,F,Trade and Skilled Labor,"",F&D company,t,f,f,,"","",649,
207,Coacher,F,"Art, Design, and Performance","",FERWABA,t,f,f,,"","",2117,
208,Sales and Marketing Executive,F,Business and Management,"",Fine furniture ltd,t,f,f,,"","",1697,
209,Front Desk Agent Manager,F,Dining and Hospitality Services,"",Five Dubai Hotel,t,f,f,,"","",2359,
210,Cabin Crew,F,Sports and Recreation,"",Flight operations/cabin crew,t,f,f,,"","",1760,
211,Cashier,F,Business and Management,"",Food Supply -Kacyiru,t,f,f,,"","",1869,
212,Customer Care,F,Dining and Hospitality Services,"",Footbeting,t,f,f,,"","",16,
215,Receptionist,F,Dining and Hospitality Services,"",Four Points by Sheraton Kigali,t,f,f,,"","",1926,
216,Room service,F,Dining and Hospitality Services,"",Four points by Sheraton kigali,t,f,f,,"","",13,
217,Camera men,F,Business and Management,"",Freelance,t,f,f,,"","",57,
218,Assistant,F,Business and Management,"",Fruit corner ltd,t,f,f,,"","",2394,
219,Accountant officer,F,Business and Management,"",Fuel Station,t,f,f,,"","",2227,
220,Cashier,F,Education and Training,"",G.S Gasaka,t,f,f,,"","",1473,
221,Teacher Assistant,F,Education and Training,"",G.S Kibirizi,t,f,f,,"","",594,
222,Teacher,F,Education and Training,"",G.S Kinihira,t,f,f,,"","",123,
223,Teacher Assistant,F,Education and Training,"",G.S Kora Catholic,t,f,f,,"","",1657,
224,Biology Teacher,F,Education and Training,"",G.S Munini,t,f,f,,"","",1501,
225,Teacher,F,Education and Training,"",G.S Mwulire,t,f,f,,"","",1903,
226,Teacher Assistant,F,Education and Training,"",G.S Sasabirago,t,f,f,,"","",1591,
227,Cashier,F,Business and Management,"",Gacuriro- Sac Shop,t,f,f,,"","",2204,
228,Security officer,F,Information Technology and Software Development,"",Gardaworld company,t,f,f,,"","",1656,
229,Nurse,F,Healthcare and Medical Services,"",Gatagara Hospital District,t,f,f,,"","",1534,
230,journalist,F,Education and Training,"",GC Nyinawajambo Ruhita,t,f,f,,"","",2415,
231,Supervisor,F,Education and Training,"",GI group,t,f,f,,"","",1592,
232,Teacher,F,Education and Training,"",Gihara Primary School,t,f,f,,"","",2121,
233,IT Teacher,F,Education and Training,"",GIHEKE TECHNICAL SECONDARY SCHOOL,t,f,f,,"","",115,
234,Script writter/drammer actor,F,"Art, Design, and Performance","",Girl Effect,t,f,f,,"","",9,
235,Dentist Nursing,F,Healthcare and Medical Services,"",Gisagara Health Center,t,f,f,,"","",166,
236,Teacher,F,Education and Training,"",Gishari Nursery School,t,f,f,,"","",126,
237,Data officer,F,Education and Training,"",Global Community,t,f,f,,"","",39,
238,Finance Manager,F,Business and Management,"",Globl East Africa Ltd/Travel programs that focuses on hands on educational experiences.,t,f,f,,"","",2491,
239,Administrator Officer,F,Dining and Hospitality Services,"",Go-Discovery Africa,t,f,f,,"","",1588,
240,Cashier,F,Business and Management,"",Good Life Supermarket,t,f,f,,"","",1835,
241,Client relationshhip manager,F,Dining and Hospitality Services,"",Gotis ltd,t,f,f,,"","",2432,
242,Client relationshhip manager,F,Dining and Hospitality Services,"",Gotis ltd,t,f,f,,"","",2380,
243,Cooker,F,Dining and Hospitality Services,"",Radisson Blu Hotel,t,f,f,,"","",2311,
244,Boarding Supervisor,F,Education and Training,"",Green Hills Academy,t,f,f,,"","",153,
245,Marketing officer,F,Business and Management,"",Greenroad,t,f,f,,"","",2488,
246,Teacher,F,Education and Training,"",Group Scolaire Kanyinya,t,f,f,,"","",2448,
247,Administrator Senior Officer,F,Education and Training,"",Groupe Scolaire de Don Bosco Kicukiro,t,f,f,,"","",2206,
248,IT Teacher,F,Education and Training,"",Groupe Scolaire Kabare,t,f,f,,"","",40,
249,Project Manager,F,Education and Training,"",Grow Movement,t,f,f,,"","",1643,
250,Teacher,F,Education and Training,"",GS Byumba,t,f,f,,"","",772,
251,Teacher,F,Education and Training,"",GS Nyagasambu,t,f,f,,"","",2192,
252,Teacher Geo/Entre,F,Education and Training,"",GS Rwasa,t,f,f,,"","",1597,
253,Cashier,F,Finance and Banking,"",GT Bank - Ngoma Branch,t,f,f,,"","",1728,
254,Software Developer,F,Information Technology and Software Development,"",GTBANK Rwanda PLC,t,f,f,,"","",1653,
255,Bank teller,F,Business and Management,"",Guaranty Trust Bank GT Co,t,f,f,,"","",809,
256,Security Guard,F,Information Technology and Software Development,"",Guards Word Security,t,f,f,,"","",2160,
257,Accountant officer,F,Business and Management,"",Guestpro Tours Ltd,t,f,f,,"","",1762,
258,Hostess,F,Dining and Hospitality Services,"",The Warner Brothers Hotel,t,f,f,,"","",136,
259,Customer Care,F,Business and Management,"",Hardware at Kimironk,t,f,f,,"","",1842,
260,Saler officer,F,Business and Management,"",Hardware at Kimironk,t,f,f,,"","",2515,
261,Cashier,F,Business and Management,"",Hardware Bugesera,t,f,f,,"","",2081,
262,Customer,F,Dining and Hospitality Services,"",HCR,t,f,f,,"","",2239,
263,Laboratory Officer,F,Healthcare and Medical Services,"",HDI,t,f,f,,"","",608,
264,Low advisor,F,Government and Public Service,"",HDI,t,f,f,,"","",2023,
265,Excel society,F,Healthcare and Medical Services,"",Health care aide,t,f,f,,"","",2198,
266,Accountant officer,F,Education and Training,"",High School EAR Church,t,f,f,,"","",1940,
267,Front office Manager,F,Dining and Hospitality Services,"",Hill View Hotel & Apartment,t,f,f,,"","",165,
268,Nursing,F,Healthcare and Medical Services,"",Hopital Croix Du Sud,t,f,f,,"","",158,
269,Customer Care,F,Healthcare and Medical Services,"",Horebu Medical Clinic,t,f,f,,"","",1895,
270,Nyamagabe Station Manager,F,Business and Management,"",Horizon Ltd,t,f,f,,"","",28,
271,Nurse Assistant,F,Healthcare and Medical Services,"",Hospital Canada,t,f,f,,"","",2423,
213,Waiter,F,Dining and Hospitality Services,"",Four Point- Sherton Hotel,t,f,f,,"","",64,
272,Receptionist,F,Dining and Hospitality Services,"",Hostel Kigali,t,f,f,,"","",1985,
273,Maintenance,F,Information Technology and Software Development,"",Hot Point,t,f,f,,"","",156,
274,Housekeper,F,Dining and Hospitality Services,"",Housekeper,t,f,f,,"","",722,
275,Talent Development Associate,F,Education and Training,"",Human Ressource,t,f,f,,"","",2242,
276,Data Cleck,F,Information Technology and Software Development,"",Ignite Solar Power,t,f,f,,"","",150,
277,Direct Sales officer (Retail Banking Department,F,Business and Management,"",IM@Bank,t,f,f,,"","",44,
278,IT officer,F,Information Technology and Software Development,"",Imaranyundo Secondary School,t,f,f,,"","",2071,
279,Accountant officer,F,Finance and Banking,"",IMBARAGA,t,f,f,,"","",2379,
280,Environment/Associate Engineer,F,Others / Not Specified,"",Infosys Ltd,t,f,f,,"","",1986,
281,Finance Officer,F,Education and Training,"",Inkomoko,t,f,f,,"","",1988,
282,Program Associate,F,Education and Training,"",Institute of International Education,t,f,f,,"","",2343,
283,Operation Manager,F,Construction and Engineering,"",Integrated Infrastructures Co.Ltd,t,f,f,,"","",2219,
284,Finance Assistant,F,Finance and Banking,"",Intore Learning Center,t,f,f,,"","",2223,
285,Investigator Officer,F,Information Technology and Software Development,"",Investigator,t,f,f,,"","",601,
286,Saler officer,F,Business and Management,"",Irembo Ltd,t,f,f,,"","",2061,
287,Security Guide,F,Business and Management,"",Irembo Service,t,f,f,,"","",783,
288,IT Assistant,F,Information Technology and Software Development,"",ISCO Security,t,f,f,,"","",2251,
289,Security officer,F,Information Technology and Software Development,"",ISCO security,t,f,f,,"","",1584,
290,IT officer,F,Information Technology and Software Development,"",Ishyinga Campany,t,f,f,,"","",1498,
291,Community Manager & Data protection officer,F,Information Technology and Software Development,"",IT outsourcing Company,t,f,f,,"","",1503,
292,Portfolio and management reporting officer,F,Business and Management,"",Jali Finance,t,f,f,,"","",2193,
293,Cashier,F,Business and Management,"",Jibu - Huye,t,f,f,,"","",1667,
294,Recruitment Assistant,F,Education and Training,"",Job In Rwanda,t,f,f,,"","",768,
295,Sales and Marketing Executive,F,Business and Management,"",Jumeirah at Saadiyat Resort,t,f,f,,"","",758,
296,Health Officer,F,Business and Management,"",Kamonyi District,t,f,f,,"","",2410,
297,procurement MANAGER,F,Business and Management,"",Kapoa,t,f,f,,"","",2374,
299,Nurse,F,Healthcare and Medical Services,"",Karongi Health Center,t,f,f,,"","",2321,
300,Marketing,F,Business and Management,"",Kasha,t,f,f,,"","",2141,
301,Cashier,F,Business and Management,"",Kawunga Minimex Depot Supplier,t,f,f,,"","",2457,
302,Cashier,F,Dining and Hospitality Services,"",Kay Wedding Ltd,t,f,f,,"","",759,
303,Cashier,F,Finance and Banking,"",KBC Bank,t,f,f,,"","",32,
304,Lawyer,F,Education and Training,"",Kefa project,t,f,f,,"","",62,
305,Customer care,F,Healthcare and Medical Services,"",Kibogora Hospital,t,f,f,,"","",1912,
306,Property Administrator,F,Construction and Engineering,"",Kigali Heights Development Company,t,f,f,,"","",2269,
307,IT Teacher,F,Education and Training,"",KIGARAMA TTS,t,f,f,,"","",1958,
309,Customer Care,F,Healthcare and Medical Services,"",King faisal,t,f,f,,"","",14,
310,Nurse,F,Healthcare and Medical Services,"",King Faisal,t,f,f,,"","",614,
311,House Keeping Supervisor,F,Dining and Hospitality Services,"",Kingfish Hotel,t,f,f,,"","",1570,
312,Nurse,F,Healthcare and Medical Services,"",Kirehe Hospital,t,f,f,,"","",1546,
313,Technician in tilapia fish incubation,F,"Agriculture, Forestry, and Fishing","",Kivu choice,t,f,f,,"","",2249,
314,Fish-Production officer,F,Business and Management,"",Kivu Choice,t,f,f,,"","",1557,
315,Selling Officer,F,Business and Management,"",Kivu Choice,t,f,f,,"","",27,
316,Chief Finance Officer,F,Business and Management,"",Kivu Choice and Victory Farms Family,t,f,f,,"","",114,
317,Procurement Officer Assistant,F,Business and Management,"",Kivu Choice LTD,t,f,f,,"","",706,
318,Business,F,Information Technology and Software Development,"",Kivu Choice LTD,t,f,f,,"","",1508,
319,Operations Manager,F,Construction and Engineering,"","KORA Coaching Ltd, IHAHA Technologies Ltd",t,f,f,,"","",1783,
320,Sushi Chef,F,Dining and Hospitality Services,"",Kozo Kigali,t,f,f,,"","",1587,
322,Trek Resident Leader,F,Business and Management,"",Kurumbuka Leadership Solutions,t,f,f,,"","",1970,
324,Cashier,F,Business and Management,"",Lamane Supermarket,t,f,f,,"","",1681,
325,Cashier,F,Business and Management,"",Lamane Supermarket,t,f,f,,"","",750,
326,Cleaner,F,Social Work and Community Services,"",Lapallise hotel in,t,f,f,,"","",2203,
327,Senior Accountant,F,Business and Management,"",Leankeys Consultancy CPA Ltd,t,f,f,,"","",48,
328,Laboratory Officer,F,Healthcare and Medical Services,"",Legacy Clinic Hospitaly,t,f,f,,"","",1710,
329,Office Attendant,F,Finance and Banking,"",Liedekerke,t,f,f,,"","",2225,
330,Self Manager,F,Business and Management,"",Liquer Small Bussiness,t,f,f,,"","",122,
331,Cashier,F,Business and Management,"",Liquid Wine Store Best Beginning,t,f,f,,"","",703,
332,IT Data Analysis,F,Information Technology and Software Development,"",Liquidnet New York,t,f,f,,"","",125,
333,Finance Admin,F,Finance and Banking,"",Look Ahead Care and Support,t,f,f,,"","",2324,
298,Waiter,F,Dining and Hospitality Services,"",Karibu Restraurant,t,f,f,,"","",167,
334,Sales Manager,F,Business and Management,"",M.T.RIC SUPPLIER LTD,t,f,f,,"","",2456,
335,Education Officer/ Maison shalom international,F,Information Technology and Software Development,"",Maison shalom international,t,f,f,,"","",774,
337,Store Keeper,F,Business and Management,"",Mamba Sector,t,f,f,,"","",2025,
338,Business operations assistant,F,Business and Management,"",Mango 4G Internet,t,f,f,,"","",2101,
339,Data Entry Cleck,F,Dining and Hospitality Services,"",Mango Internet Ltd,t,f,f,,"","",1802,
340,Customer care,F,Information Technology and Software Development,"",Mango Internet Ltd,t,f,f,,"","",2430,
341,Social Media Consultancy,F,Business and Management,"",Maravilla Kivu Eco Resort,t,f,f,,"","",2483,
342,Customer care,F,Dining and Hospitality Services,"",Marriot Hotel,t,f,f,,"","",1823,
343,Food and beverage expert,F,Dining and Hospitality Services,"",Marriot Hotel,t,f,f,,"","",2449,
344,Events service Expert,F,Dining and Hospitality Services,"",Marriott Hotel Kigali,t,f,f,,"","",99,
345,Finance voyager,F,Dining and Hospitality Services,"",Marriott international (Kigali Marriott),t,f,f,,"","",1967,
346,Electrical engineering,F,Construction and Engineering,"",Mass Design Group,t,f,f,,"","",587,
347,Safety Officer,F,Construction and Engineering,"",Mass Design Group,t,f,f,,"","",1517,
348,Customer care,F,Business and Management,"",Mc Donald Fast Food,t,f,f,,"","",2295,
349,Cashier,F,Dining and Hospitality Services,"",Mid Land Hotel,t,f,f,,"","",711,
350,Shop Attendnt,F,Business and Management,"",Milimani Enterprise Ltd,t,f,f,,"","",154,
351,Land officer,F,Business and Management,"",MINADEF Project,t,f,f,,"","",116,
352,Accountant officer,F,Business and Management,"",Montana Motel,t,f,f,,"","",2526,
354,Sales and marketing officer,F,Business and Management,"",Mount meru soyco,t,f,f,,"","",2079,
355,Téléphone Opérator,F,Dining and Hospitality Services,"",Movenpick Hotel at Dubai,t,f,f,,"","",2365,
357,Customer care,F,Media and Communication,"",MTN,t,f,f,,"","",2471,
358,Call center Officer,F,Business and Management,"",MTN Call Center,t,f,f,,"","",1551,
359,Head of Coffee,F,Dining and Hospitality Services,"",Mukatti na Butta coffee shop,t,f,f,,"","",2054,
360,Customer Care,F,Business and Management,"",Musanze Great Hotel,t,f,f,,"","",2189,
361,Land Infrastructure and community settlement,F,Business and Management,"",Musanze Sector,t,f,f,,"","",590,
363,Manager Assistant,F,Dining and Hospitality Services,"",Mytos Hotel,t,f,f,,"","",1863,
364,Restua,F,Dining and Hospitality Services,"",Mytos Hotel,t,f,f,,"","",805,
365,Store Keeper Officer,F,Construction and Engineering,"",NDOSA Campany,t,f,f,,"","",139,
366,Receptionist,F,Dining and Hospitality Services,"",Nest Kim,t,f,f,,"","",1678,
367,Supervisor,F,"Agriculture, Forestry, and Fishing","",NetaFim Rwanda,t,f,f,,"","",2354,
368,Customer care,F,Business and Management,"",Ngoma District,t,f,f,,"","",2118,
369,Cultivator,F,"Agriculture, Forestry, and Fishing","",Local government,t,f,f,,"","",2412,
370,Cultivator,F,"Agriculture, Forestry, and Fishing","",Local government,t,f,f,,"","",2080,
371,Nurse Assistant,F,Healthcare and Medical Services,"",Nurse assistant,t,f,f,,"","",2317,
372,Marketing officer,F,Business and Management,"",Nutri toto Campany,t,f,f,,"","",1717,
373,Store Officer,F,Business and Management,"",Nyabisindu Milk Zone Head,t,f,f,,"","",140,
374,Statistic Officer,F,Others / Not Specified,"",Nyamasheke District,t,f,f,,"","",1812,
375,Laboratory Officer,F,Healthcare and Medical Services,"",Nyanza Hospital District,t,f,f,,"","",2107,
376,Customer Care,F,Business and Management,"",Nyaruguru Coffee Shop,t,f,f,,"","",652,
377,Finance Officer,F,Business and Management,"",Nyaruguru District,t,f,f,,"","",1756,
378,Finance Officer,F,Education and Training,"",Obama Language Training,t,f,f,,"","",2312,
379,Field Integration Supervisor,F,"Agriculture, Forestry, and Fishing","",One acre fund,t,f,f,,"","",2328,
380,Farmer Credit Recovery Operation Associate,F,"Agriculture, Forestry, and Fishing","",One Acre Fund Rwanda,t,f,f,,"","",2261,
381,Pshop Manager/Nyamagabe,F,"Agriculture, Forestry, and Fishing","",One Acre Fund Rwanda,t,f,f,,"","",2283,
382,Data officer,F,Education and Training,"",One Acre Fund Rwanda,t,f,f,,"","",2201,
383,Journalist,F,Media and Communication,"",One Acree Fund,t,f,f,,"","",684,
385,Managing Director,F,Business and Management,"",OX Rwanda Ltd,t,f,f,,"","",2409,
386,Stock Officer,F,Healthcare and Medical Services,"",PAM,t,f,f,,"","",2414,
387,Cashier,F,Business and Management,"",PAPYRUS,t,f,f,,"","",1476,
388,Guest Service Agent,F,Dining and Hospitality Services,"",Park Inn by Radisson Kigali,t,f,f,,"","",2248,
389,Data Cleck,F,Information Technology and Software Development,"",Pascal Technology,t,f,f,,"","",1712,
390,Cashier,F,Business and Management,"",Patroleum Station Byimana,t,f,f,,"","",700,
391,Complex FS/QA Supervisor,F,"Agriculture, Forestry, and Fishing","",Perdue Farms,t,f,f,,"","",2274,
392,Data Entry Cleck,F,Information Technology and Software Development,"",Petrocom,t,f,f,,"","",1572,
393,Cashier,F,Dining and Hospitality Services,"",Pharmacy Cocoride,t,f,f,,"","",2167,
394,Cashier,F,Healthcare and Medical Services,"",Pharmacy Nobillis,t,f,f,,"","",1834,
395,Photographer,F,Business and Management,"",Photographer Envision  Ltd,t,f,f,,"","",104,
396,Executive Assistant,F,"Agriculture, Forestry, and Fishing","",Poc Farmer,t,f,f,,"","",752,
397,Nurse,F,Healthcare and Medical Services,"",Police Hospital,t,f,f,,"","",1924,
398,Marketing officer,F,Finance and Banking,"",Popular Bank of Rwanda,t,f,f,,"","",1708,
399,IT Manager,F,Information Technology and Software Development,"",Price Water House Coopers,t,f,f,,"","",2455,
400,Cashier,F,Business and Management,"",Pride Farm,t,f,f,,"","",2026,
401,Customer Care,F,Business and Management,"",Pride Farm,t,f,f,,"","",1845,
402,Sales Manager,F,Business and Management,"",Pride Farm,t,f,f,,"","",2019,
403,Policy Analyst | Office of the Prime Minister,F,Business and Management,"",Prime Minister of Rwanda,t,f,f,,"","",1669,
404,NCBA Bank,F,Business and Management,"",Professional internship at Water Access Rwanda,t,f,f,,"","",93,
405,Legal Officer,F,Business and Management,"",Project Of Legal Officer,t,f,f,,"","",1624,
406,Customer Care,F,Dining and Hospitality Services,"",Quatar Hotel,t,f,f,,"","",1964,
407,Customer Care,F,Dining and Hospitality Services,"",Quatar Hotel,t,f,f,,"","",2313,
408,Receptionist,F,Business and Management,"",Radiant Insurance,t,f,f,,"","",1991,
409,E-BUSINESS OFFICER,F,Business and Management,"",Bank of Africa,f,f,f,,"","",1707,
410,Store Manager,F,Dining and Hospitality Services,"",Rainbow  Motel,t,f,f,,"","",137,
411,Intern(Nurse),F,Healthcare and Medical Services,"",RBC,t,f,f,,"","",2339,
414,Electrical Engineering,F,Energy and Utilities,"",Real Construction,t,f,f,,"","",1581,
415,MD Assistant,F,Business and Management,"",Real Contractors Ltd,t,f,f,,"","",686,
416,Real Estate Broker,F,Business and Management,"",Real Estate,t,f,f,,"","",22,
418,SPM Officer,F,Others / Not Specified,"",REDO,t,f,f,,"","",2268,
419,Administrator,F,Construction and Engineering,"",Remote Group,t,f,f,,"","",2495,
420,Site Logistic Coordinator,F,Construction and Engineering,"",Remote Group,t,f,f,,"","",612,
421,Site Logistic Coordinator,F,Business and Management,"",Remote Group,t,f,f,,"","",1961,
422,Site Agent Officer,F,Construction and Engineering,"",Remote Group LTD,t,f,f,,"","",65,
423,Receptionist,F,Business and Management,"",Remote LTD,t,f,f,,"","",2433,
424,Product Manager,F,Energy and Utilities,"",Renewable Energy,t,f,f,,"","",2033,
425,Receptionist,F,Business and Management,"",RIB,t,f,f,,"","",1606,
426,Accountant officer,F,Business and Management,"",River trading limited,t,f,f,,"","",1730,
427,Production Site Manager,F,Business and Management,"",RP Corporate Ltd,t,f,f,,"","",2073,
428,Verficator,F,Healthcare and Medical Services,"",RSSB,t,f,f,,"","",1514,
429,Data officer,F,Business and Management,"",RSSB,t,f,f,,"","",2233,
430,Sharoir,F,Business and Management,"",RTTC,t,f,f,,"","",1652,
431,Project Assistant,F,"Agriculture, Forestry, and Fishing","",RTV( Raising the Village),t,f,f,,"","",2461,
432,Teacher of Mathematic,F,Education and Training,"",Rubavu Primary School,t,f,f,,"","",164,
434,Teacher,F,Education and Training,"",Rugendo Secondary School,t,f,f,,"","",1918,
435,Customer care,F,Healthcare and Medical Services,"",Rulindo Hospital,t,f,f,,"","",695,
437,Supervisor,F,"Agriculture, Forestry, and Fishing","",Rwamagana Agriculture Business,t,f,f,,"","",1793,
438,Audit Officer,F,Business and Management,"",Rwanda Audit,t,f,f,,"","",1767,
439,Nurse,F,Healthcare and Medical Services,"",Rwanda Biomedical,t,f,f,,"","",2028,
440,Nurse,F,Healthcare and Medical Services,"",Rwanda Biomedical,t,f,f,,"","",1567,
441,Editing Manager,F,Media and Communication,"",Rwanda Broadcasting Agency,t,f,f,,"","",2169,
442,Journalist,F,Media and Communication,"",Rwanda Broadcasting Agency,t,f,f,,"","",1451,
450,Operator Manager,F,Dining and Hospitality Services,"",Rwanda events,t,f,f,,"","",1714,
451,Tractor Operator,F,Education and Training,"",Rwanda Institute For Conservation Agriculture (RICA),t,f,f,,"","",2024,
452,Procumenent and Logistic,F,Healthcare and Medical Services,"",Rwanda interfaith Council on Health,t,f,f,,"","",688,
453,Data officer,F,Business and Management,"",Rwanda Investigation Bureau,t,f,f,,"","",1921,
454,RIB Officer,F,Business and Management,"",Rwanda Investigation Bureau,t,f,f,,"","",1801,
455,Secretariat,F,Business and Management,"",Rwanda Investigation Bureau,t,f,f,,"","",1914,
456,RIB Offcier,F,Information Technology and Software Development,"",Rwanda Investigation Bureau,t,f,f,,"","",1689,
457,Nurse,F,Healthcare and Medical Services,"",Rwanda Military Hospital,t,f,f,,"","",2326,
458,Media Analyst,F,Education and Training,"",Rwanda Nation Police,t,f,f,,"","",2158,
459,Policy men,F,Business and Management,"",Rwanda Nation Police,t,f,f,,"","",2304,
460,Policy men,F,Business and Management,"",Rwanda Nation Police,t,f,f,,"","",1979,
461,Police,F,Information Technology and Software Development,"",Rwanda Nation Police,t,f,f,,"","",2065,
462,Policy,F,Information Technology and Software Development,"",Rwanda Nation Police,t,f,f,,"","",1868,
417,Waiter,F,Dining and Hospitality Services,"",Redison Blue Hotel,t,f,f,,"","",20,
433,Waiter,F,Dining and Hospitality Services,"",Rubis Supermarket,t,f,f,,"","",1887,
436,Waiter,F,Dining and Hospitality Services,"",Rutsiro Hotel,t,f,f,,"","",1538,
412,Army-RDF,F,Security and Law Enforcement,"",RDF,t,f,f,,"","",101,
413,Army,F,Security and Law Enforcement,"",RDF Army,t,f,f,,"","",2051,
463,Policy men,F,Information Technology and Software Development,"",Rwanda Nation Police,t,f,f,,"","",1955,
464,Policy men,F,Information Technology and Software Development,"",Rwanda Nation Police,t,f,f,,"","",1585,
465,Policy men,F,Information Technology and Software Development,"",Rwanda Nation Police,t,f,f,,"","",63,
466,Policy men,F,Information Technology and Software Development,"",Rwanda Nation Police,t,f,f,,"","",2301,
467,Policy men,F,Information Technology and Software Development,"",Rwanda Nation Police,t,f,f,,"","",2003,
468,Policy men,F,Information Technology and Software Development,"",Rwanda Nation Police,t,f,f,,"","",1542,
469,Policy men,F,Information Technology and Software Development,"",Rwanda Nation Police,t,f,f,,"","",2128,
470,Policy men,F,Information Technology and Software Development,"",Rwanda Nation Police,t,f,f,,"","",1787,
471,Policemen,F,Information Technology and Software Development,"",Rwanda Police,t,f,f,,"","",1827,
472,Policiwomen,F,Information Technology and Software Development,"",Rwanda Police,t,f,f,,"","",1953,
473,Communication Officer,F,Others / Not Specified,"",Rwandair,t,f,f,,"","",1804,
474,Flyer Service,F,Dining and Hospitality Services,"",Rwandair,t,f,f,,"","",2014,
475,Customer care,F,Business and Management,"",Rwandair,t,f,f,,"","",1521,
476,Customer Care,F,Dining and Hospitality Services,"",Rwandair,t,f,f,,"","",1531,
477,Manager,F,Business and Management,"",Salama Jus Ltd -,t,f,f,,"","",2439,
478,Quality inspection,F,Business and Management,"",Salcomp,t,f,f,,"","",160,
479,Quality inspection,F,Business and Management,"",Salcomp,t,f,f,,"","",159,
480,Journalist,F,Media and Communication,"",Salus Radio,t,f,f,,"","",719,
481,Journalist,F,Media and Communication,"",Salus Radio,t,f,f,,"","",615,
482,Logistic officer,F,Business and Management,"",Sanlam,t,f,f,,"","",18,
484,Rwandaequip,F,Education and Training,"","Schools,Supervisor",t,f,f,,"","",1541,
485,Sales agent,F,Business and Management,"",See Far Housing,t,f,f,,"","",1884,
486,Quantity Surveyor,F,Construction and Engineering,"",See Far Housing,t,f,f,,"","",157,
487,Driver,F,Dining and Hospitality Services,"",See Far Housing,t,f,f,,"","",2159,
488,Sales Assistant,F,Business and Management,"",SEE FAR HOUSING LTD,t,f,f,,"","",2126,
489,Manager Business,F,Business and Management,"",Selling Home Materiels,t,f,f,,"","",1938,
490,Cashier,F,Business and Management,"",Selling Materiel Design,t,f,f,,"","",1747,
491,Administrative Assistant,F,Dining and Hospitality Services,"",Senior Banking Officer,t,f,f,,"","",1599,
492,Hair Cut,F,Business and Management,"",Shaving Salon,t,f,f,,"","",1523,
493,Senior technician,F,Energy and Utilities,"",Shema Power Lake Kivu(SPLK),t,f,f,,"","",2052,
494,Data Analysis,F,Business and Management,"",Shine Cleaner Ltd,t,f,f,,"","",683,
495,Reservation&Marketing Officer,F,Dining and Hospitality Services,"",Shipment Campany,t,f,f,,"","",1594,
496,Self Manager,F,Business and Management,"",Shoes Shop- Down Tawn,t,f,f,,"","",1589,
497,Cashier,F,Business and Management,"",Shop Clother,t,f,f,,"","",1774,
498,Receptionist,F,Business and Management,"",Sonia Mugabo Fashion Designer,t,f,f,,"","",616,
499,Editing Journaliste,F,Media and Communication,"",Southern Province Headquater,t,f,f,,"","",2150,
500,Manager,F,Dining and Hospitality Services,"",Soy Restaurant,t,f,f,,"","",2046,
501,Accountant officer,F,Business and Management,"",SP Head Quarter,t,f,f,,"","",1846,
502,Trainer Officer,F,Education and Training,"",Spark Microgrants,t,f,f,,"","",144,
503,Software Engineer,F,Information Technology and Software Development,"",Spiderbit LTD,t,f,f,,"","",1942,
504,Selling Officer,F,Information Technology and Software Development,"",Square Technology Limited,t,f,f,,"","",738,
505,Mentor(Animatrice),F,Education and Training,"",St Marie,t,f,f,,"","",2521,
506,Lead Supervisor and Sales Adviser,F,Media and Communication,"",Startup in Seattle,t,f,f,,"","",2093,
507,Logistic officer,F,Construction and Engineering,"",Stell-Rwanda,t,f,f,,"","",29,
508,Logistic officer,F,Construction and Engineering,"",Stell-Rwanda,t,f,f,,"","",1758,
509,Stock management,F,Business and Management,"",Stock management,t,f,f,,"","",1809,
510,Safety Officer,F,Construction and Engineering,"",Suma Construction LTD,t,f,f,,"","",2086,
511,Website Development,F,Information Technology and Software Development,"",SunShine Ltd,t,f,f,,"","",1856,
514,Sales Agent,F,Business and Management,"",SWAVU Ltd/ sales Agent,t,f,f,,"","",2284,
515,Librarian Assistant Humanities and Social Science,F,Education and Training,"",Swiztland,t,f,f,,"","",602,
516,Receptionist,F,Dining and Hospitality Services,"",Syneduc,t,f,f,,"","",769,
517,Project Manager,F,Business and Management,"",Tarama Rwanda Ltd,t,f,f,,"","",1722,
518,Technical Support Engineer,F,Information Technology and Software Development,"",Tek expert Rwanda Ltd,t,f,f,,"","",2157,
519,Technology Support Engineer,F,Information Technology and Software Development,"",Tek expert Rwanda Ltd,t,f,f,,"","",1579,
520,Consultant,F,"Agriculture, Forestry, and Fishing","",The Daugherty Water for food Global Institute,t,f,f,,"","",2278,
522,Receptionist,F,Dining and Hospitality Services,"",The Keza Hotel -Kibagabaga,t,f,f,,"","",627,
523,Manager Assistant,F,Dining and Hospitality Services,"",Thousand Hills Africa,t,f,f,,"","",1696,
524,Operations,F,Dining and Hospitality Services,"",Thousand Hills Africa,t,f,f,,"","",2130,
525,Power Systems,F,Construction and Engineering,"",Totes Scottish Power,t,f,f,,"","",2493,
526,Tour guide,F,Dining and Hospitality Services,"",Tour Campany Ltd,t,f,f,,"","",26,
527,Customer Support Specialist,F,Business and Management,"",Toyota Tanzania Ltd,t,f,f,,"","",1486,
528,Teacher Assistant,F,Education and Training,"",TTC Bicumbi,t,f,f,,"","",2114,
529,Site Manager,F,"Agriculture, Forestry, and Fishing","",Tubura Campany,t,f,f,,"","",1867,
530,Supervisor,F,"Agriculture, Forestry, and Fishing","",Tubura Campany,t,f,f,,"","",1917,
531,Presentor,F,Media and Communication,"",TV 10,t,f,f,,"","",1859,
532,Driver,F,Others / Not Specified,"",Uber Campany,t,f,f,,"","",1792,
533,Social Worker,F,Education and Training,"",Under Hils Umbrella,t,f,f,,"","",161,
534,Photographer,F,"Art, Design, and Performance","",Uniqwe studio,t,f,f,,"","",1686,
535,Manager,F,Business and Management,"",United Arabie Emirate,t,f,f,,"","",112,
536,Research Officer,F,Healthcare and Medical Services,"",University of Rwanda -Holding Group,t,f,f,,"","",2022,
537,Social Worker,F,Healthcare and Medical Services,"",University of Rwanda -Holding Group,t,f,f,,"","",2280,
538,Coacher,F,Education and Training,"",USAID Gikundiro/Gisagara,t,f,f,,"","",735,
540,Logistic officer,F,Construction and Engineering,"",VASCO Constuction campany,t,f,f,,"","",2528,
541,Actuarial Associate,F,Business and Management,"",Venerable Insurance Company,t,f,f,,"","",715,
542,Data Analysis,F,Information Technology and Software Development,"",VIDA,t,f,f,,"","",2124,
543,Geospatial data scientist,F,Information Technology and Software Development,"",VIDA,t,f,f,,"","",1452,
544,Healthcare officer,F,Healthcare and Medical Services,"",Virginia Mason Hospital and Capalitity health care,t,f,f,,"","",2418,
545,IT officer,F,Information Technology and Software Development,"",WASAC,t,f,f,,"","",585,
546,Store officer,F,Business and Management,"",Water Company,t,f,f,,"","",2362,
547,Self Manager,F,Business and Management,"",Wedding Boutique,t,f,f,,"","",2382,
548,Business in Tech consultant,F,Information Technology and Software Development,"",Wells Fargo,t,f,f,,"","",2350,
549,Data officer,F,Business and Management,"",Wells Fargo Bank/Data Analysis,t,f,f,,"","",724,
550,Supervisor,F,Business and Management,"",Wholrfoods Market,t,f,f,,"","",2397,
551,Coding Program Coordinator,F,Information Technology and Software Development,"",Women in Africa,t,f,f,,"","",2102,
552,Store Invetor Officer,F,Healthcare and Medical Services,"",World Food Rwanda,t,f,f,,"","",743,
553,Logistic officer,F,Business and Management,"",World Vision,t,f,f,,"","",1798,
554,Business Development officer,F,Business and Management,"",Yego Moto Campany LTD,t,f,f,,"","",2522,
555,Youth Worker,F,Healthcare and Medical Services,"",YMCA Montreal,t,f,f,,"","",1720,
556,Food processing,F,"Agriculture, Forestry, and Fishing","",Zamura feeds,t,f,f,,"","",1719,
557,Management Trainee,F,"Agriculture, Forestry, and Fishing","",Zamura Feeds,t,f,f,,"","",106,
558,General Manager,F,Dining and Hospitality Services,"",Zebra Hotel,t,f,f,,"","",2440,
560,Executive Assistant,F,Government and Public Service,"",Zoniheza,t,f,f,,"","",1525,
561,IT support technician,P,Information Technology and Software Development,"",Abilene Christian university,f,f,f,,"","",1733,
562,Students plus volunteering at AIESEC at kigali as a marketing director.,P,Education and Training,"",AEISEC,f,f,f,,"","",1558,
563,Sewing Assistant,P,"Art, Design, and Performance","",Agahozo-Shalom Youth Village,f,f,f,,"","",58,
564,Canteen Waiter,P,Business and Management,"",Agahozo-Shalom Youth Village,f,f,f,,"","",2035,
565,Basketball Player,P,Sports and Recreation,"",APR,f,f,f,,"","",1816,
566,Casual Worker,P,Education and Training,"",Agahozo-Shalom Youth Village,f,f,f,,"","",69,
567,IT Trainer,P,Education and Training,"",Agahozo-Shalom Youth Village,f,f,f,,"","",2012,
568,Threatre Coacher,P,Education and Training,"",Agahozo-Shalom Youth Village,f,f,f,,"","",2036,
569,Casual worker,P,Dining and Hospitality Services,"",Agahozo-Shalom Youth Village,f,f,f,,"","",669,
570,Casual worker,P,Dining and Hospitality Services,"",Agahozo-Shalom Youth Village,f,f,f,,"","",1806,
571,Casual worker,P,Dining and Hospitality Services,"",Agahozo-Shalom Youth Village,f,f,f,,"","",2533,
572,IT Pyton Trainer,P,Information Technology and Software Development,"",Agahozo-Shalom Youth Village,f,f,f,,"","",1530,
573,Farmer,P,Education and Training,"",ASYV,f,f,f,,"","",1595,
574,Farmer,P,Education and Training,"",ASYV,f,f,f,,"","",2142,
576,Self- Manager,P,Finance and Banking,"",BRAC Rwanda,f,f,f,,"","",1897,
577,Cashier,P,Business and Management,"",Clothes Shop,f,f,f,,"","",709,
578,Building House,P,Construction and Engineering,"",Construction,f,f,f,,"","",1963,
579,Painting,P,Construction and Engineering,"",Convention Centre,f,f,f,,"","",1828,
580,Baristae,P,Business and Management,"",Customer care services-Coffee Sonatube,f,f,f,,"","",1492,
581,General Doctor,P,Healthcare and Medical Services,"",DMC Hospital,f,f,f,,"","",2043,
582,Driver,P,Business and Management,"",Driver Campany,f,f,f,,"","",2215,
583,Photographer,P,"Art, Design, and Performance","",Envision Rwanda,f,f,f,,"","",2066,
584,Photographer,P,"Art, Design, and Performance","",Envision Rwanda,f,f,f,,"","",2241,
585,Cashier/Waiter,P,Business and Management,"",Envision Rwanda,f,f,f,,"","",2438,
586,Food and Beverage,P,Dining and Hospitality Services,"",Four points by Sheraton kigali,t,f,f,,"","",2531,
587,Teacher Intern,P,Education and Training,"",G.S Murunda,t,f,f,,"","",1545,
588,Volunter,P,Business and Management,"",Gasabo District,t,f,f,,"","",1901,
589,Supervisor-Road,P,Business and Management,"",GhettoLtd,t,f,f,,"","",1829,
591,Teacher,P,Education and Training,"",GS kabitovu- Rutsiro,t,f,f,,"","",2191,
592,Customer Care,P,Dining and Hospitality Services,"",Health Center,t,f,f,,"","",2168,
593,Human Ressource Assistant,P,Business and Management,"",Human Ressource Assistant,t,f,f,,"","",94,
594,Teacher,P,Education and Training,"",Huye Nursery,t,f,f,,"","",96,
596,Dancer,P,Business and Management,"",Dance Modern,f,f,f,,"","",2069,
597,Teacher Intern,P,Education and Training,"",Liquidnet Family High School@asyv,t,f,f,,"","",2240,
598,Dancing,P,Business and Management,"",Intayoberanya Traditional,t,f,f,,"","",2309,
599,Tek Experts,P,Information Technology and Software Development,"",Microsoft Technical Support Engineer,t,f,f,,"","",2245,
600,Call Operator,P,Business and Management,"",MTN,t,f,f,,"","",1562,
601,Selling MTN Airtime at Muhanga,P,Business and Management,"",MTN,t,f,f,,"","",138,
602,Agent,P,Business and Management,"",MTN Agent,t,f,f,,"","",753,
604,Teacher,P,Education and Training,"",Ngoma District,t,f,f,,"","",1598,
605,Dancing,P,Others / Not Specified,"",Local government,t,f,f,,"","",1721,
606,Casual Worker,P,Education and Training,"",Local government,t,f,f,,"","",1765,
607,Cashier,P,Dining and Hospitality Services,"",Nyabugogo Papeterie,t,f,f,,"","",1578,
608,Commissionaire,P,Business and Management,"",RAA,t,f,f,,"","",1699,
609,Laboraty,P,Healthcare and Medical Services,"",RBC,t,f,f,,"","",1482,
610,Customer Care,P,Business and Management,"",Restaurant,t,f,f,,"","",659,
613,Photography/Cameramen,P,Media and Communication,"",Rwanda Broadcasting Agency,t,f,f,,"","",2520,
614,Singer-Women,P,Business and Management,"",Self - Musician,t,f,f,,"","",1677,
615,Driver/UBER,P,Business and Management,"",Self-employed,t,f,f,,"","",1540,
616,Art- Music,P,"Art, Design, and Performance","",Self-employed,t,f,f,,"","",100,
617,Self-Employed,P,Business and Management,"",Selling Airtime,t,f,f,,"","",2089,
618,Self-Manager,P,Business and Management,"",Selling Banane in the Market (Gatore),t,f,f,,"","",592,
619,Marketing officer,P,Business and Management,"",Selling ONGO Produit,t,f,f,,"","",2060,
620,Cashier,P,Business and Management,"",Selling Telephone Mobile T2000,t,f,f,,"","",1832,
621,Supervisor of Waiter,P,Dining and Hospitality Services,"",Serena Hotel,t,f,f,,"","",60,
622,Cashier,P,Business and Management,"",Shop Clothes,t,f,f,,"","",1566,
623,Cashier,P,Business and Management,"",Small Boutique,t,f,f,,"","",2399,
624,Technician,P,Information Technology and Software Development,"",SP Station,t,f,f,,"","",1582,
625,Tutoring Teacher,P,Education and Training,"",Teaching,t,f,f,,"","",2156,
627,Design Art,P,Education and Training,"",ASYV- Science center,f,f,f,,"","",1509,
628,Marketing,P,Business and Management,"",Tubura Campany,t,f,f,,"","",1749,
629,Data  Entry,P,Education and Training,"","Twiyubake, Gimbuka and Gikuriro (CRS-USAID)",t,f,f,,"","",726,
630,Phtoto and Movie Editing,S,Business and Management,"",Afrimage Photograph,f,f,f,,"","",1706,
631,Selling Officer,S,Business and Management,"",Agent Mobile Banking and Agent of Banking,f,f,f,,"","",578,
632,RETAIR MANAGER,S,"Agriculture, Forestry, and Fishing","",Agriculture Business for Unit,f,f,f,,"","",2510,
633,Manager,S,"Agriculture, Forestry, and Fishing","",Agriculture-Chia Seeds,f,f,f,,"","",2475,
634,Her own business,S,Business and Management,"",Clothers Shop,f,f,f,,"","",1660,
635,Self-Manager,S,Business and Management,"",Bar and Restaurant Karembure,f,f,f,,"","",1904,
636,Self-Employed,S,Business and Management,"",Benjamin Fashion Design,f,f,f,,"","",2442,
637,Self Manager,S,Business and Management,"",Body Lotion,f,f,f,,"","",145,
638,Self-Manager,S,Business and Management,"",Boutique,f,f,f,,"","",1929,
639,Self-Manager,S,Business and Management,"",Boutique,f,f,f,,"","",1485,
640,Self-Manager,S,Business and Management,"",Boutique Nyamata,f,f,f,,"","",1580,
641,Self-Manager,S,Business and Management,"",Boutique Shop,f,f,f,,"","",23,
642,Selling Officer,S,Business and Management,"",Boutique Shop,f,f,f,,"","",2147,
643,Self-Employed,S,Business and Management,"",Business- Clothes Shop,f,f,f,,"","",1675,
644,Manager,S,Business and Management,"",Business Hardware/Clothes Shop,f,f,f,,"","",1560,
645,Self-Manager,S,Business and Management,"",Business-Bumbogo,f,f,f,,"","",2403,
646,Selling Officer,S,Business and Management,"",Canteen Masizi,f,f,f,,"","",1900,
647,Manager Herself,S,Business and Management,"",Canteen Nyamata,f,f,f,,"","",1960,
648,Manager,S,Business and Management,"",Clarise spare parts,f,f,f,,"","",1539,
649,Her own business,S,Business and Management,"",Hardware - Huye,t,f,f,,"","",794,
650,Self-Employed,S,Business and Management,"",Clothers Shop,f,f,f,,"","",2532,
651,Customer care,S,Business and Management,"",Clothes Shop,f,f,f,,"","",2078,
652,Self-Manager,S,Business and Management,"",Clothes Shop,f,f,f,,"","",2190,
653,Self-Manager,S,Business and Management,"",Clothes Shop,f,f,f,,"","",2505,
654,Manager,S,Construction and Engineering,"",Construction Campany,f,f,f,,"","",1751,
655,Self-Employed,S,Business and Management,"",Constuction Campany,f,f,f,,"","",1873,
656,Owner,S,Dining and Hospitality Services,"",Cyber,f,f,f,,"","",98,
657,Customer care,S,Business and Management,"",Decoration Company Ltd,f,f,f,,"","",723,
658,Manager,S,Business and Management,"",Edebn supply Ltd,f,f,f,,"","",1894,
659,Self Manager,S,Business and Management,"",Ghetto Ltd,t,f,f,,"","",2045,
660,Director  Manager,S,Dining and Hospitality Services,"",Go-Discovery Africa,t,f,f,,"","",2277,
661,Producer,S,"Art, Design, and Performance","",H5T Studio,t,f,f,,"","",1759,
662,Hair Salom Manager,S,Business and Management,"",Hair Salon at Remera,t,f,f,,"","",33,
663,Self-Manager,S,Business and Management,"",Hardware at Nyanza,t,f,f,,"","",2400,
664,Self-Manager,S,Business and Management,"",Hardware LMTD,t,f,f,,"","",1983,
665,Self-Employed,S,Business and Management,"",Her ow Business,t,f,f,,"","",155,
666,Self-Manager,S,Business and Management,"",Her ow Business,t,f,f,,"","",1625,
667,Shop,S,Business and Management,"",Her ow Business,t,f,f,,"","",1518,
668,Self-Manager,S,Business and Management,"",Bar and Restaurant,f,f,f,,"","",30,
669,Self-Manager,S,Business and Management,"",Irembo Ltd,t,f,f,,"","",1575,
670,Manager,S,Business and Management,"",Keza Shoes Shop,t,f,f,,"","",2098,
671,Carrier Relations Manager,S,Business and Management,"",Kigali Business Lab and Consulting Firm,t,f,f,,"","",1977,
672,Businesswomen,S,Business and Management,"",Kigali-City Market,t,f,f,,"","",1640,
673,Self-Manager,S,Information Technology and Software Development,"",Educate for IT,f,f,f,,"","",25,
674,Customer care,S,Business and Management,"",Livecleanrwanda Ltd,t,f,f,,"","",2476,
675,Protocal,S,Business and Management,"",Milk Zone,t,f,f,,"","",2220,
676,Manager,S,Business and Management,"",Moto Piece de Recharge,t,f,f,,"","",2404,
677,Self Manager,S,Business and Management,"",MTN Agent,t,f,f,,"","",2305,
678,Self-Employed,S,Business and Management,"",Musician,t,f,f,,"","",1547,
679,Photographer and Video Edite,S,Business and Management,"",Photograph Mica Ltd,t,f,f,,"","",2002,
680,Photography Art,S,Information Technology and Software Development,"",Photography,t,f,f,,"","",2484,
681,Musician,S,Business and Management,"",Pianiste,t,f,f,,"","",1495,
682,PHSA,S,Business and Management,"",Premium west construction,t,f,f,,"","",1945,
683,Self-Manager,S,Business and Management,"",Production of quality cleaning accessories (F.N HYGIENE LTD,t,f,f,,"","",2170,
684,Customer care,S,Business and Management,"",Quicaillirie Nyamata,t,f,f,,"","",2416,
685,DJ Berto,S,Business and Management,"",Self-employed,t,f,f,,"","",31,
686,Making Bread at Kinshansa,S,Business and Management,"",Self-employed,t,f,f,,"","",92,
687,Manager,S,Business and Management,"",Self-employed,t,f,f,,"","",2059,
688,Manager Sparks Moto,S,Business and Management,"",Self-employed,t,f,f,,"","",142,
689,Managing Director,S,Business and Management,"",Self-employed,t,f,f,,"","",2037,
690,Photography/Cameramen,S,Business and Management,"",Self-employed,t,f,f,,"","",763,
691,Self Manager,S,Business and Management,"",Self-employed,t,f,f,,"","",2226,
692,Self-Employed,S,Business and Management,"",Self-employed,t,f,f,,"","",591,
693,Self-Employed,S,Business and Management,"",Self-employed,t,f,f,,"","",733,
694,Self-Manager,S,Business and Management,"",Self-employed,t,f,f,,"","",2272,
695,Singer,S,Business and Management,"",Self-employed,t,f,f,,"","",2236,
696,Manager,S,Business and Management,"",Selling Chicken,t,f,f,,"","",2127,
697,Marketing,S,Business and Management,"",Selling Clothers,t,f,f,,"","",586,
698,Self-Employed,S,Business and Management,"","Selling Clothes, Shoes",t,f,f,,"","",2032,
699,Self-Employed,S,Business and Management,"",Selling Mobile Phone,t,f,f,,"","",2426,
700,Commissionaire,S,Business and Management,"",Selling Sac and other clothes,t,f,f,,"","",2153,
701,Cashier,S,Business and Management,"",Selling Telephone,t,f,f,,"","",2039,
702,Saler officer,S,Business and Management,"",Selling Telephone Mobil- Remera,t,f,f,,"","",2259,
703,Sewing Business,S,Dining and Hospitality Services,"",Sewing,t,f,f,,"","",1919,
704,Sewing,S,Business and Management,"",Sewing House,t,f,f,,"","",1898,
705,Self-Manager,S,Business and Management,"",Shop,t,f,f,,"","",1650,
707,CEO,S,Business and Management,"",Shop Clother Business,t,f,f,,"","",1779,
708,Selling Officer,S,Business and Management,"",Shop Clothers-Kimironko,t,f,f,,"","",1994,
709,Self-Manager,S,Business and Management,"",Small Boutique at Busanza,t,f,f,,"","",1487,
710,Self-Employed,S,Beauty and Personal Care,"",Small Boutique at Kicukiro,t,f,f,,"","",2165,
711,Rulindo Bar,S,Business and Management,"",Small Business Bar,t,f,f,,"","",1488,
712,Sales agent,S,Business and Management,"",Small Supermarket Huye District,t,f,f,,"","",1630,
713,Supermarket Manager,S,Business and Management,"",Supermarket,t,f,f,,"","",2194,
714,Cashier,S,Business and Management,"",Supermarket Ruyenzi,t,f,f,,"","",1513,
715,Supplier/ Businessman,S,Business and Management,"",Supplier Business,t,f,f,,"","",576,
716,Self-Manager,S,"Agriculture, Forestry, and Fishing","",Tea Agriculture,t,f,f,,"","",1536,
717,Co-founder & Chief Operation Officer,S,"Agriculture, Forestry, and Fishing","",Verve Ag- Innovate Ltd,t,f,f,,"","",2145,
718,Coordinator,S,Business and Management,"",Yakfair,t,f,f,,"","",2504,
719,Cashier,I,Dining and Hospitality Services,"",Chez Attoinet,f,f,f,,"","",1568,
720,Teacher Assistant,I,Education and Training,"",G.S Musanze,t,f,f,,"","",11,
721,Hair Salom Manager,I,Dining and Hospitality Services,"",Local government,t,f,f,,"","",2527,
722,Big Sister,I,Business and Management,"",Local government,t,f,f,,"","",2185,
723,Cashier,I,Business and Management,"",Local government,t,f,f,,"","",2271,
724,Cashier,I,Business and Management,"",Local government,t,f,f,,"","",2370,
725,IT Intern,I,Business and Management,"",Local government,t,f,f,,"","",2211,
726,IT Intern,I,Business and Management,"",Local government,t,f,f,,"","",1603,
727,IT Intern,I,Business and Management,"",Local government,t,f,f,,"","",1505,
728,LEAP Officer,I,Business and Management,"",Local government,t,f,f,,"","",1975,
729,Visitor Assistant Officer,I,Business and Management,"",Local government,t,f,f,,"","",721,
730,Recruitment Officer,I,Education and Training,"",VATEL,t,f,f,,"","",751,
731,Demo User,P,Education and Training,"",Agahozo-Shalom Youth Village,f,f,f,,2025-05-19,2025-07-25,573,
